1|2019-02-06 00:00:00|admin|admin|1111111|11.122.323.22|russia|1|18|sdfsdfsdf sdfsdfsdf|sdfsdfsdfsdfsdf||0|0|0|1

2|2019-02-06 00:00:00|admin|admin|1111111|11.122.323.22|russia|1|18|sdfsdfsdf sdfsdfsdf|sdfsdfsdfsdfsdf||0|0|0|1

3|0000-00-00 00:00:00||||||0|0||||0|0|0|0

4|0000-00-00 00:00:00|ooooo|oooooo|1234|29.292.92|rus|1|22|nikita|||0|0|0|0

5|0000-00-00 00:00:00|oogggooo|oooooo|1234|29.292.92|rus|1|22|nikita|||0|0|0|0

6|0000-00-00 00:00:00|oogffggooo|oooooo|1234|29.292.92|rus|1|22|nikita|||0|0|0|0

7|0000-00-00 00:00:00|dd|oooooo|1234|29.292.92|rus|1|22|nikita|||0|0|0|0

8|0000-00-00 00:00:00|ggg|oooooo|1234|29.292.92|rus|1|22|nikita|||0|0|0|0

9|0000-00-00 00:00:00|ddddd|oooooo|1234|29.292.92|rus|1|22|nikita|||0|0|0|0

10|0000-00-00 00:00:00|rrrrr|oooooo|1234|29.292.92|rus|1|22|nikita|||0|0|0|0

11|0000-00-00 00:00:00|vvvvv|oooooo|1234|29.292.92|rus|1|22|nikita|||0|0|0|0

12|0000-00-00 00:00:00|bbbb|oooooo|1234|29.292.92|rus|1|22|nikita|||0|0|0|0

13|0000-00-00 00:00:00|ccccccc|oooooo|1234|29.292.92|rus|1|22|nikita|||0|0|0|0

14|0000-00-00 00:00:00|aaaa|oooooo|1234|29.292.92|rus|1|22|nikita|||0|0|0|0

15|0000-00-00 00:00:00|ffff|oooooo|1234|29.292.92|rus|1|22|nikita|||0|0|0|0

16|0000-00-00 00:00:00|ccccc|oooooo|1234|29.292.92|rus|1|22|nikita|||0|0|0|0

17|0000-00-00 00:00:00|ffffd|oooooo|1234|29.292.92|rus|1|22|nikita|||0|0|0|0

18|0000-00-00 00:00:00|sdfsdf|oooooo|1234|29.292.92|rus|1|22|nikita|||0|0|0|0

52|2019-02-22 10:20:15|sdfsdfsdfsdf|oooooo|1234|29.292.92|rus|1|22|nikita||a/000/000.jpg|0|0|0|0

53|2019-02-22 10:20:51|asdasd|oooooo|1234|29.292.92|rus|1|22|nikita||a/000/001.jpg|0|0|0|0

54|2019-02-22 10:51:14|sdfsdfsdf|oooooo|1234|29.292.92|rus|1|22|nikita||a/000/002.jpg|0|0|0|0

55|2019-02-22 10:51:58|ssdfsdfsdfsdf|oooooo|1234|29.292.92|rus|1|22|nikita||a/000/003.jpg|0|0|0|1

56|2019-02-22 12:24:09|sdfsdfsdfsdfsdf|oooooo|1234|29.292.92|rus|1|22|nikita||a/000/004.jpg|0|0|0|0

57|2019-02-25 01:59:15|dsfdfdf|oooooo|1234|29.292.92|rus|1|22|nikita||a/000/005.jpg|0|0|0|0

58|2019-02-25 01:59:37|sdsssddddss|oooooo|1234|29.292.92|rus|1|22|nikita||a/000/006.jpg|0|0|0|0

59|2019-02-25 02:07:57|sdfsdfsdsss|oooooo|1234|29.292.92|rus|1|22|nikita||a/000/007.jpg|0|0|0|0

60|2019-02-25 02:21:07|sdfsddvccbffds|oooooo|1234|29.292.92|rus|1|22|nikita||a/000/008.jpg|0|0|0|0

61|2019-02-25 02:23:42|sdfsdddvvbfsdf|oooooo|1234|29.292.92|rus|1|22|nikita||a/000/009.jpg|0|0|0|0

62|2019-02-25 02:26:06|ggggkllpp|oooooo|1234|29.292.92|rus|1|22|nikita||a/000/010.jpg|0|0|0|0

63|2019-02-25 04:51:58|ddddfffsdf|oooooo|1234|29.292.92|rus|1|22|nikita||a/000/011.jpg|0|0|0|0

64|2019-02-25 07:12:06|adazxv|oooooo|1234|29.292.92|rus|1|22|nikita||a/000/012.jpg|0|0|0|1

65|2019-02-25 07:47:46|asdasdasd|oooooo|1234|29.292.92|rus|1|22|nikita||a/000/013.jpg|0|0|0|0

66|2019-02-25 07:49:43|zxvcbgfhl|oooooo|1234|29.292.92|rus|1|22|nikita||a/000/014.jpg|0|0|0|0

67|2019-03-06 00:40:38|dasdasdsdfsdfssssssdfsasdasdf|asdasd|7890|132123|asdasdasd|1|11|asdasd||a/000/015.jpg|0|0|0|0

68|2019-03-06 04:43:30|dasdasdasdasdsdfsdfssssssdfsasdasdf|asdasd|7890|132123|asdasdasd|1|11|asdasd||a/000/016.jpg|0|0|0|0

69|2019-03-06 04:44:11|dasdasdasdasdasdsdfsdfssssssdfsasdasdf|asdasd|7890|132123|asdasdasd|1|11|asdasd||a/000/017.jpg|0|0|0|0

70|2019-03-06 04:44:58|dasdaasdasdasdasdasdsdfsdfssssssdfsasdas|asdasd|7890|132123|asdasdasd|1|11|asdasd||a/000/018.jpg|0|0|0|0

71|2019-03-06 04:51:14|dasdaasdasdasdasdasdsdfsdfssssssdfsasdas|asdasd|7890|132123|asdasdasd|1|11|asdasd||a/000/019.jpg|0|0|0|0

72|2019-03-06 05:12:43|dasdaasdasdasdasdasdsdfsdfssssssdfsasdas|asdasd|7890|132123|asdasdasd|1|11|asdasd|"Hi, I’m asdasd, nice to meet you"|a/000/020.jpg|0|0|0|0

73|2019-03-06 05:14:39|dasdaasdasdasdasdasdsdfsdfssssssdfsasdas|asdasd|7890|132123|asdasdasd|1|11|asdasd||a/000/021.jpg|0|0|0|0

74|2019-03-06 05:15:02|dasdaasdasdasdasdasdsdfsdfssssssdfsasdas|asdasd|7890|132123|asdasdasd|1|11|asdasd|Hello my name is asdasd Im 1 old asdasdasd from 11. I love sport|a/000/022.jpg|0|0|0|0

75|2019-03-06 05:15:18|dasdaasdasdasdasdasdsdfsdfssssssdfsasdas|asdasd|7890|132123|asdasdasd|1|11|asdasd|Im just a asdasd from 1 who looking for relationships|a/000/023.jpg|0|0|0|0

76|2019-03-06 05:16:54|dasdaasdasdasdasdasdsdfsdfssssssdfsasdas|asdasd|7890|132123|asdasdasd|1|11|asdasd|"Hi, I’m asdasd, nice to meet you"|a/000/024.jpg|0|0|0|0

77|2019-03-06 05:16:57|dasdaasdasdasdasdasdsdfsdfssssssdfsasdas|asdasd|7890|132123|asdasdasd|1|11|asdasd||a/000/025.jpg|0|0|0|0

78|2019-03-06 05:16:58|dasdaasdasdasdasdasdsdfsdfssssssdfsasdas|asdasd|7890|132123|asdasdasd|1|11|asdasd||a/000/026.jpg|0|0|0|0

79|2019-03-06 05:16:58|dasdaasdasdasdasdasdsdfsdfssssssdfsasdas|asdasd|7890|132123|asdasdasd|1|11|asdasd||a/000/027.jpg|0|0|0|0

80|2019-03-06 05:27:05|sadasd|asdasd|7890|132123|asdasdasd|1|11|asdasd||a/000/028.jpg|0|0|0|0

81|2019-03-06 05:39:15|asdasdasdasdasdasffv|asdasd|7890|132123|asdasdasd|1|11|asdasd||a/000/029.jpg|0|0|0|0

82|2019-03-06 05:44:47|asdasdassdfsdfdasdasdasffv|asdasd|7890|132123|asdasdasd|1|11|asdasd||a/000/030.jpg|0|0|0|0

83|2019-03-06 05:45:56|asdasdasasdadssdfsdfdasdasdasffv|asdasd|7890|132123|asdasdasd|1|11|asdasd||a/000/031.jpg|0|0|0|0

84|2019-03-06 05:46:30|asdasdasaasdasdasdasdsdadssdfsdfdasdasda|asdasd|7890|132123|asdasdasd|1|11|asdasd||a/000/032.jpg|0|0|0|0

85|2019-03-06 05:47:31|asdasdsdfsdfsdfasaasdasdasdasdsdadssdfsd|asdasd|7890|132123|asdasdasd|1|11|asdasd||a/000/033.jpg|0|0|0|0

86|2019-03-06 05:48:38|asdasdsdfsdfsdfasaasdasdasdasdsdadssdfsd|asdasd|7890|132123|asdasdasd|1|11|asdasd||a/000/034.jpg|0|0|0|0

87|2019-03-06 05:48:50|asdasdsdfsdfsdfasaasdasdasdasdsdadssdfsd|asdasd|7890|132123|asdasdasd|1|11|asdasd||a/000/035.jpg|0|0|0|0

88|2019-03-06 05:50:48|asdasdssaasdfsdfsdfasaasdasdasdasdsdadss|asdasd|7890|132123|asdasdasd|1|11|asdasd||a/000/036.jpg|0|0|0|0

89|2019-03-06 06:19:15|asdasdllc|asdasd|7890|132123|asdasdasd|1|11|asdasd|Hello my name is 1 Im 1 old asdasdasd from 11. I love sport|a/000/037.jpg|0|0|0|0

90|2019-03-06 06:20:21|asdasdasdasd|asdasd|7890|132123|asdasdasd|1|11|zolowkin nikita konst|Im just a 0 from 1 who looking for relationships|a/000/038.jpg|0|0|0|0

91|2019-03-06 06:20:46|asdasasdasddasdasd|asdasd|7890|132123|asdasdasd|1|11|zolowkin nikita konst|"Hi, I’m 1, nice to meet you"|a/000/039.jpg|0|0|0|0

92|2019-03-06 06:22:45|asdasasasdrrdasddasdasd|asdasd|7890|132123|asdasdasd|1|11|zolowkin nikita konst|Hello my name is zolowkin nikita konst Im 1 old asdasdasd from 11. I love sport|a/000/040.jpg|0|0|0|0

93|2019-03-06 06:23:06|asdasasasdrasdadsrdasddasdasd|asdasd|7890|132123|asdasdasd|1|11|zolowkin nikita konst|Im just a zolowkin nikita konst from 1 who looking for relationships|a/000/041.jpg|0|0|0|0

94|2019-03-06 06:23:44|asdasasasdrasasdasdasddadsrdasddasdasd|asdasd|7890|132123|asdasdasd|1|11|zolowkin nikita konst|"Hi, I’m nikita, nice to meet you"|0111.jpg|0|0|0|0

95|2019-03-06 19:25:50|vcbcvbcvbcvbcvbcvbcvbsdscvbcvbcvbc|asdasd|7823423490|132123|asdasdasd|1|11|asdasdasd|Hello my name is asdasdasd   Im 1 old asdasdasd from 11. I love sport|Female/0112.jpg|0|0|0|0

96|2019-03-06 19:28:37|vcbcvbcsddsfsvbcvbcvbcvbcvbsdscvbcvbcvbc|asdasd|7823423490|132123|asdasdasd|1|11|asdasdasd|Im just a  from 1 who looking for relationships|incoming/Female/0001|0|0|0|0

97|2019-03-06 19:31:18|vcbcvbcsddsfsvbcvbcvasdsdfbcvbcvbsdscvbc|asdasd|7823423490|132123|asdasdasd|1|11|asdasdasd|"Hi, I’m , nice to meet you"|incoming/Female/0002|0|0|0|0

98|2019-03-06 19:32:59|vcbcvbcsddsfsvbcvbcvasdsdfbcvbcvbsdscvbc|asdasd|7823423490|132123|asdasdasd|1|11|asdasdasd||incoming/Female/0003|0|0|0|0

99|2019-03-06 19:33:01|vcbcvbcsddsfsvbcvbcvasdsdfbcvbcvbsdscvbc|asdasd|7823423490|132123|asdasdasd|1|11|asdasdasd||incoming/Female/0004|0|0|0|0

100|2019-03-06 19:33:14|vcbcvbcsdfssdfsddsfsvbcvbcvasdsdfbcvbcvb|asdasd|7823423490|132123|asdasdasd|1|11|asdasdasd||incoming/Female/0005|0|0|0|0

101|2019-03-06 19:33:59|vcbcvbcsdfssdfsddsfsvbcvbcvasdsdfbcvbcvb|asdasd|7823423490|132123|asdasdasd|1|11|asd as dasd||incoming/Female/0006|0|0|0|0

102|2019-03-06 19:34:02|vcbcvbcsdfssdfsddsfsvbcvbcvasdsdfbcvbcvb|asdasd|7823423490|132123|asdasdasd|1|11|asd as dasd||incoming/Female/0007|0|0|0|0

103|2019-03-06 19:34:57|vcbcvbcsdfssdfsddsfsvbcvbcvasdsdfbcvbcvb|asdasd|7823423490|132123|asdasdasd|1|11|asd as dasd||incoming/Female/0008|0|0|0|0

104|2019-03-06 19:35:47|vcbcvbcsdfssdfsddsfsvbcvbcvasdsdfbcvbcvb|asdasd|7823423490|132123|asdasdasd|1|11|asd as dasd||incoming/Female/0009|0|0|0|0

105|2019-03-06 19:35:49|vcbcvbcsdfssdfsddsfsvbcvbcvasdsdfbcvbcvb|asdasd|7823423490|132123|asdasdasd|1|11|asd as dasd||incoming/Female/0010|0|0|0|0

106|2019-03-06 19:35:49|vcbcvbcsdfssdfsddsfsvbcvbcvasdsdfbcvbcvb|asdasd|7823423490|132123|asdasdasd|1|11|asd as dasd||incoming/Female/0011|0|0|0|0

107|2019-03-06 19:36:19|vcbcvbcsdfssdfsddsfsvbcvbcvasdsdfbcvbcvb|asdasd|7823423490|132123|asdasdasd|1|11|asd as dasd||incoming/Female/0012|0|0|0|0

108|2019-03-06 19:38:07|vcbcvbcsdfssdfsddsfsvbcvbcvasdsdfbcvbcvb|asdasd|7823423490|132123|asdasdasd|1|11|asd as dasd||incoming/Female/0013|0|0|0|0

109|2019-03-06 19:38:21|vcbcvbcsdfssdfsddsfsvbcvbcvasdsdfbcvbcvb|asdasd|7823423490|132123|asdasdasd|1|11|asd as dasd||incoming/Female/0014|0|0|0|0

110|2019-03-06 19:38:22|vcbcvbcsdfssdfsddsfsvbcvbcvasdsdfbcvbcvb|asdasd|7823423490|132123|asdasdasd|1|11|asd as dasd||incoming/Female/0015|0|0|0|0

111|2019-03-06 19:39:54|yourlogin|asdasd|7823423490|132123|asdasdasd|1|11|asdasdasd||incoming/Female/0016|0|0|0|0

112|2019-03-06 19:40:25|vcbcvbcsdfssdfsddsfsvbcvbcvasdsdfbcvbcvb|asdasd|7823423490|132123|asdasdasd|1|11|asd as dasd||incoming/Female/0017|0|0|0|0

113|2019-03-06 19:42:16|vcbcvbcsdfssdfsddsfsvbcvbcvasdsdfbcvbcvb|asdasd|7823423490|132123|asdasdasd|1|11|asd as dasd|Hello my name is as Im 1 old asdasdasd from 11. I love sport|incoming/Female/0018|0|0|0|0

114|2019-03-06 19:42:18|vcbcvbcsdfssdfsddsfsvbcvbcvasdsdfbcvbcvb|asdasd|7823423490|132123|asdasdasd|1|11|asd as dasd|Im just a asd as dasd from 1 who looking for relationships|incoming/Female/0019|0|0|0|0

115|2019-03-06 19:42:18|vcbcvbcsdfssdfsddsfsvbcvbcvasdsdfbcvbcvb|asdasd|7823423490|132123|asdasdasd|1|11|asd as dasd|"Hi, I’m asd as dasd, nice to meet you"|incoming/Female/0020|0|0|0|0

116|2019-03-06 19:42:19|vcbcvbcsdfssdfsddsfsvbcvbcvasdsdfbcvbcvb|asdasd|7823423490|132123|asdasdasd|1|11|asd as dasd||incoming/Female/0021|0|0|0|0

117|2019-03-06 19:44:30|vcbcvbcsdfssdfsddsfsvbcvbcvasdsdfbcvbcvb|asdasd|7823423490|132123|asdasdasd|1|11|asd as dasd||incoming/Female/0022|0|0|0|0

118|2019-03-06 19:44:31|vcbcvbcsdfssdfsddsfsvbcvbcvasdsdfbcvbcvb|asdasd|7823423490|132123|asdasdasd|1|11|asd as dasd||incoming/Female/0023|0|0|0|0

119|2019-03-06 19:45:48|vcbcvbcsdfssdfsddsfsvbcvbcvasdsdfbcvbcvb|asdasd|7823423490|132123|asdasdasd|1|11|asd as dasd||incoming/Female/0024|0|0|0|0

120|2019-03-06 19:45:49|vcbcvbcsdfssdfsddsfsvbcvbcvasdsdfbcvbcvb|asdasd|7823423490|132123|asdasdasd|1|11|asd as dasd||incoming/Female/0025|0|0|0|0

121|2019-03-06 19:45:50|vcbcvbcsdfssdfsddsfsvbcvbcvasdsdfbcvbcvb|asdasd|7823423490|132123|asdasdasd|1|11|asd as dasd||incoming/Female/0026|0|0|0|0

122|2019-03-06 19:45:51|vcbcvbcsdfssdfsddsfsvbcvbcvasdsdfbcvbcvb|asdasd|7823423490|132123|asdasdasd|1|11|asd as dasd||incoming/Female/0027|0|0|0|0

123|2019-03-06 19:45:51|vcbcvbcsdfssdfsddsfsvbcvbcvasdsdfbcvbcvb|asdasd|7823423490|132123|asdasdasd|1|11|asd as dasd||incoming/Female/0028|0|0|0|0

124|2019-03-06 19:45:57|vcbcvbcsdfssdfsddsfsvbcvbcvasdsdfbcvbcvb|asdasd|7823423490|132123|asdasdasd|1|11|asd as dasd||incoming/Female/0029|0|0|0|0

125|2019-03-06 19:46:53|vcbcvbcsdfssdfsddsfsvbcvbcvasdsdfbcvbcvb|asdasd|7823423490|132123|asdasdasd|1|11|asd as dasd||incoming/Female/0030|0|0|0|0

126|2019-03-06 19:46:53|vcbcvbcsdfssdfsddsfsvbcvbcvasdsdfbcvbcvb|asdasd|7823423490|132123|asdasdasd|1|11|asd as dasd||incoming/Female/0031|0|0|0|0

127|2019-03-06 19:46:57|vcbcvbcsdfssdfsddsfsvbcvbcvasdsdfbcvbcvb|asdasd|7823423490|132123|asdasdasd|1|11|asd as dasd||incoming/Female/0032|0|0|0|0

128|2019-03-06 19:46:57|vcbcvbcsdfssdfsddsfsvbcvbcvasdsdfbcvbcvb|asdasd|7823423490|132123|asdasdasd|1|11|asd as dasd||incoming/Female/0033|0|0|0|0

129|2019-03-06 19:46:57|vcbcvbcsdfssdfsddsfsvbcvbcvasdsdfbcvbcvb|asdasd|7823423490|132123|asdasdasd|1|11|asd as dasd||incoming/Female/0034|0|0|0|0

130|2019-03-06 19:46:57|vcbcvbcsdfssdfsddsfsvbcvbcvasdsdfbcvbcvb|asdasd|7823423490|132123|asdasdasd|1|11|asd as dasd||incoming/Female/0035|0|0|0|0

131|2019-03-06 19:47:55|vcbcvbcsdfssdfsddsfsvbcvbcvasdsdfbcvbcvb|asdasd|7823423490|132123|asdasdasd|1|11|asd as dasd||incoming/Female/0036|0|0|0|0

132|2019-03-06 19:47:56|vcbcvbcsdfssdfsddsfsvbcvbcvasdsdfbcvbcvb|asdasd|7823423490|132123|asdasdasd|1|11|asd as dasd||incoming/Female/0037|0|0|0|0

133|2019-03-06 19:48:01|vcbcvbcsdfssdfsddsfsvbcvbcvasdsdfbcvbcvb|asdasd|7823423490|132123|asdasdasd|1|11|asd as dasd||incoming/Female/0038|0|0|0|0

134|2019-03-06 19:48:02|vcbcvbcsdfssdfsddsfsvbcvbcvasdsdfbcvbcvb|asdasd|7823423490|132123|asdasdasd|1|11|asd as dasd||incoming/Female/0039|0|0|0|0

135|2019-03-06 19:49:30|vcbcvbcsdfssdfsddsfsvbcvbcvasdsdfbcvbcvb|asdasd|7823423490|132123|asdasdasd|1|11|asd as dasd||incoming/Female/0040|0|0|0|0

136|2019-03-06 19:49:31|vcbcvbcsdfssdfsddsfsvbcvbcvasdsdfbcvbcvb|asdasd|7823423490|132123|asdasdasd|1|11|asd as dasd||incoming/Female/0041|0|0|0|0

137|2019-03-06 19:50:16|vcbcvbcsvnbnvbndfssdfsddsfsvbcvbcvasdsdf|asdasd|7823423490|132123|asdasdasd|1|11|asd as dasd||incoming/Female/0042|0|0|0|0

138|2019-03-06 19:50:16|vcbcvbcsvnbnvbndfssdfsddsfsvbcvbcvasdsdf|asdasd|7823423490|132123|asdasdasd|1|11|asd as dasd||incoming/Female/0043|0|0|0|0

139|2019-03-06 19:52:06|vcbcvbcsvnbnvbndfssdfsddsfsvbcvbcvasdsdf|asdasd|7823423490|132123|asdasdasd|1|11|asd as dasd||incoming/Female/0044|0|0|0|0

140|2019-03-06 19:52:07|vcbcvbcsvnbnvbndfssdfsddsfsvbcvbcvasdsdf|asdasd|7823423490|132123|asdasdasd|1|11|asd as dasd||incoming/Female/0045|0|0|0|0

141|2019-03-06 19:52:09|vcbcvbcsvnbnvbndfssdfsddsfsvbcvbcvasdsdf|asdasd|7823423490|132123|asdasdasd|1|11|asd as dasd||incoming/Female/0046|0|0|0|0

142|2019-03-06 19:52:11|vcbcvbcsvnbnvbndfssdfsddsfsvbcvbcvasdsdf|asdasd|7823423490|132123|asdasdasd|1|11|asd as dasd||incoming/Female/0047|0|0|0|0

143|2019-03-06 19:52:50|vcbcvbcsvnbnvbndfssdfsddsfsvbcvbcvasdsdf|asdasd|7823423490|132123|asdasdasd|1|11|asd as dasd||incoming/Female/0048|0|0|0|0

144|2019-03-06 19:52:51|vcbcvbcsvnbnvbndfssdfsddsfsvbcvbcvasdsdf|asdasd|7823423490|132123|asdasdasd|1|11|asd as dasd||incoming/Female/0049|0|0|0|0

145|2019-03-06 19:52:54|vcbcvbcsvnbnvbndfssdfsddsfsvbcvbcvasdsdf|asdasd|7823423490|132123|asdasdasd|1|11|asd as dasd||incoming/Female/0050|0|0|0|0

146|2019-03-06 19:52:54|vcbcvbcsvnbnvbndfssdfsddsfsvbcvbcvasdsdf|asdasd|7823423490|132123|asdasdasd|1|11|asd as dasd||incoming/Female/0051|0|0|0|0

147|2019-03-06 19:53:56|vcbcvbcsvnbnvbndfssdfsddsfsvbcvbcvasdsdf|asdasd|7823423490|132123|asdasdasd|1|11|asd as dasd||incoming/Female/0052|0|0|0|0

148|2019-03-06 19:53:56|vcbcvbcsvnbnvbndfssdfsddsfsvbcvbcvasdsdf|asdasd|7823423490|132123|asdasdasd|1|11|asd as dasd||incoming/Female/0053|0|0|0|0

149|2019-03-06 19:53:59|vcbcvbcsvnbnvbndfssdfsddsfsvbcvbcvasdsdf|asdasd|7823423490|132123|asdasdasd|1|11|asd as dasd||incoming/Female/0054|0|0|0|0

150|2019-03-06 19:54:00|vcbcvbcsvnbnvbndfssdfsddsfsvbcvbcvasdsdf|asdasd|7823423490|132123|asdasdasd|1|11|asd as dasd||incoming/Female/0055|0|0|0|0

151|2019-03-06 19:54:15|vcbcvbcsvnbnvbndfssdfsddsfsvbcvbcvasdsdf|asdasd|7823423490|132123|asdasdasd|1|11|asd as dasd||incoming/Female/0056|0|0|0|0

152|2019-03-06 19:54:15|vcbcvbcsvnbnvbndfssdfsddsfsvbcvbcvasdsdf|asdasd|7823423490|132123|asdasdasd|1|11|asd as dasd||incoming/Female/0057|0|0|0|0

153|2019-03-06 19:55:10|vcbcvbcsvnbnvbndfssdfsddsfsvbcvbcvasdsdf|asdasd|7823423490|132123|asdasdasd|1|11|asd as dasd||incoming/Female/0058|0|0|0|0

154|2019-03-06 19:55:10|vcbcvbcsvnbnvbndfssdfsddsfsvbcvbcvasdsdf|asdasd|7823423490|132123|asdasdasd|1|11|asd as dasd||incoming/Female/0059|0|0|0|0

155|2019-03-06 19:56:10|vcbcvbcsvnbnvbndfssdfsddsfsvbcvbcvasdsdf|asdasd|7823423490|132123|asdasdasd|1|11|asd as dasd||incoming/Female/0060|0|0|0|0

156|2019-03-06 19:56:11|vcbcvbcsvnbnvbndfssdfsddsfsvbcvbcvasdsdf|asdasd|7823423490|132123|asdasdasd|1|11|asd as dasd||incoming/Female/0061|0|0|0|0

157|2019-03-06 19:57:15|vcbcvbcsvnbnvbndfssdfsddsfsvbcvbcvasdsdf|asdasd|7823423490|132123|asdasdasd|0|11|asd as dasd||incoming/Male/0001.j|0|0|0|0

158|2019-03-06 19:57:15|vcbcvbcsvnbnvbndfssdfsddsfsvbcvbcvasdsdf|asdasd|7823423490|132123|asdasdasd|0|11|asd as dasd||incoming/Male/0002.j|0|0|0|0

159|2019-03-06 19:57:19|vcbcvbcsvnbnvbndfssdfsddsfsvbcvbcvasdsdf|asdasd|7823423490|132123|asdasdasd|0|11|asd as dasd||incoming/Male/0003.j|0|0|0|0

160|2019-03-06 19:57:19|vcbcvbcsvnbnvbndfssdfsddsfsvbcvbcvasdsdf|asdasd|7823423490|132123|asdasdasd|0|11|asd as dasd||incoming/Male/0004.j|0|0|0|0

161|2019-03-06 19:59:28|vcbcvbcsvnbnvbndfssdfsddsfsvbcvbcvasdsdf|asdasd|7823423490|132123|asdasdasd|0|11|asd as dasd||Male/0005.jpg.jpg|0|0|0|0

162|2019-03-06 19:59:29|vcbcvbcsvnbnvbndfssdfsddsfsvbcvbcvasdsdf|asdasd|7823423490|132123|asdasdasd|0|11|asd as dasd||Male/0001.jpg.jpg|0|0|0|0

163|2019-03-06 19:59:33|vcbcvbcsvnbnvbndfssdfsddsfsvbcvbcvasdsdf|asdasd|7823423490|132123|asdasdasd|0|11|asd as dasd||Male/0001.jpg.jpg|0|0|0|0

164|2019-03-06 19:59:33|vcbcvbcsvnbnvbndfssdfsddsfsvbcvbcvasdsdf|asdasd|7823423490|132123|asdasdasd|0|11|asd as dasd||Male/0001.jpg.jpg|0|0|0|0

165|2019-03-06 19:59:50|"a;lsdmc,zxc nmm,"|asdasd|7823423490|132123|asdasdasd|1|11|asdasdasd||Female/0062.jpg.jpg|0|0|0|0

166|2019-03-06 20:00:33|vcbcvbcsvnbnvbndfssdfsddsfsvbcvbcvasdsdf|asdasd|7823423490|132123|asdasdasd|0|11|asd as dasd||Male/0001.jpg|0|0|0|0

167|2019-03-06 20:00:33|vcbcvbcsvnbnvbndfssdfsddsfsvbcvbcvasdsdf|asdasd|7823423490|132123|asdasdasd|0|11|asd as dasd||Male/0001.jpg|0|0|0|0

168|2019-03-06 20:01:01|vcbcvbcsvnbnvbndfssdfsddsfsvbcvbcvasdsdf|asdasd|7823423490|132123|asdasdasd|0|11|asd as dasd||Male/0001.jpg|0|0|0|0

169|2019-03-06 20:01:01|vcbcvbcsvnbnvbndfssdfsddsfsvbcvbcvasdsdf|asdasd|7823423490|132123|asdasdasd|0|11|asd as dasd||Male/0001.jpg|0|0|0|0

170|2019-03-06 20:01:15|"a;sdfsdfsdfsdf,zxc nmm,"|asdasd|7823423490|132123|asdasdasd|1|11|asdasdasd||Female/0001.jpg|0|0|0|0

171|2019-03-06 20:02:24|"a;sdfsdfsdfsdfsdfsdfsdfvbbbsdfsdfsdf,zxc"|asdasd|7823423490|132123|asdasdasd|1|11|asdasdasd||Female/0001.jpg|0|0|0|0

172|2019-03-06 20:03:12|"a;sdfsdfsdfsdfsdfsdfasdasdasdasdsdfvbbbs"|asdasd|7823423490|132123|asdasdasd|1|11|asdasdasd||Female/0001.jpg|0|0|0|0

173|2019-03-06 20:42:11|"a;sdfsdfsdfsdfsdfsdfasdasdasdasdsdfvbbbs"|asdasd|7823423490|132123|asdasdasd|1|11|asdasdasd||Female/0001.jpg|0|0|0|0

174|2019-03-06 20:42:12|"a;sdfsdfsdfsdfsdfsdfasdasdasdasdsdfvbbbs"|asdasd|7823423490|132123|asdasdasd|1|11|asdasdasd||Female/0001.jpg|0|0|0|0

175|2019-03-06 20:42:13|"a;sdfsdfsdfsdfsdfsdfasdasdasdasdsdfvbbbs"|asdasd|7823423490|132123|asdasdasd|1|11|asdasdasd||Female/0001.jpg|0|0|0|0

176|2019-03-06 20:42:14|"a;sdfsdfsdfsdfsdfsdfasdasdasdasdsdfvbbbs"|asdasd|7823423490|132123|asdasdasd|1|11|asdasdasd||Female/0001.jpg|0|0|0|0

177|2019-03-06 20:43:28|vcbcvbcsvnbnvbndfssdfsddsfsvbcvbcvasdsdf|asdasd|7823423490|132123|asdasdasd|0|11|asd as dasd|Hello my name is asd as dasd Im 0 old asdasdasd from 11. I love sport|Male/0001.jpg|0|0|0|0

178|2019-03-06 20:43:46|vcbcvbcsvnbnvbndfssdfsddsfsvbcvbcvasdsdf|asdasd|7823423490|132123|asdasdasd|0|11|asd as dasd|Im just a as from 0 who looking for relationships|Male/0001.jpg|0|0|0|0

179|2019-03-06 20:45:35|vcbcvbcsvnbnvbndfssdfsddsfsvbcvbcvasdsdf|asdasd|7823423490|132123|asdasdasd|0|11|asd as dasd|"Hi, I’m as, nice to meet you"|Male/0002.jpg|0|0|0|0

180|2019-03-06 20:45:37|vcbcvbcsvnbnvbndfssdfsddsfsvbcvbcvasdsdf|asdasd|7823423490|132123|asdasdasd|0|11|asd as dasd|"Hi, I’m asd as dasd, nice to meet you"|Male/0003.jpg|0|0|0|0

181|2019-03-06 20:45:37|vcbcvbcsvnbnvbndfssdfsddsfsvbcvbcvasdsdf|asdasd|7823423490|132123|asdasdasd|0|11|asd as dasd|"Hi, I’m as, nice to meet you"|Male/0004.jpg|0|0|0|0

182|2019-03-06 20:47:49|vcbcvbcsvnbnvbndfssdfsddsfsvbcvbcvasdsdf|asdasd|7823423490|132123|asdasdasd|0|11|asd as dasd|"Hi, I’m as, nice to meet you"|Male/0005.jpg|0|0|0|0

183|2019-03-06 20:47:50|vcbcvbcsvnbnvbndfssdfsddsfsvbcvbcvasdsdf|asdasd|7823423490|132123|asdasdasd|0|11|asd as dasd|"Hi, I’m as, nice to meet you"|Male/0006.jpg|0|0|0|0

184|2019-03-06 20:47:50|vcbcvbcsvnbnvbndfssdfsddsfsvbcvbcvasdsdf|asdasd|7823423490|132123|asdasdasd|0|11|asd as dasd|"Hi, I’m as, nice to meet you"|Male/0007.jpg|0|0|0|0

185|2019-03-06 20:49:04|vcbcvbcsvnbnvbndfssdfsddsfsvbcvbcvasdsdf|asdasd|7823423490|132123|asdasdasd|0|11|asd as dasd|"Hi, I’m asd as dasd, nice to meet you"|Male/0008.jpg|0|0|0|0

186|2019-03-06 20:50:39|sdfsdfvvv|asdasd|7823423490|132123|asdasdasd|0|11|asd as dasd|"Hi, I’m as, nice to meet you"|Male/0009.jpg|0|0|0|0

187|2019-03-11 21:57:09|test|asdasd|7823423490|132123|asdasdasd|1|11|asdasdasd||Female/0002.jpg|0|0|0|0

188|2019-03-11 23:14:11|test1|asdasd|7823423490|132123|asdasdasd|1|11|asdasdasd|"CashierVermont wellness and lifestyle bloggerSkiing helps me learn more and perfect myself. Love is blind, as well as hatred."|Female/0003.jpg|0|0|0|0

189|2019-03-11 23:19:09|tesasd|asdasd|7823423490|132123|asdasdasd|1|11|asdasdasd|"I run a glocery store.Sacramento [love][love] [smile] Like #Internet, Deltiology, Swarovski and Kryolan, Rugby league football [sport] Delays are dangerous."|Female/0004.jpg|0|0|0|0

190|2019-03-11 23:19:59|asdasdasdvvv|asdasd|7823423490|132123|asdasdasd|1|11|asdasdasd|"I  teach Spain at the high school[flags]Music loverFuture lottery loser. Money is the parent of #luxury and indolence, and poverty of meanness and viciousness, and both of discontent."|Female/0005.jpg|0|0|0|0

191|2019-03-11 23:25:40|sdfvxvds|asdasd|7823423490|132123|asdasdasd|1|11|asdasdasd|Nephrology student[love] I simply tell stories about my lifeMotor sports is my favorite pastime. Half a loaf is better than no bread.|Female/0006.jpg|0|0|0|0

192|2019-03-11 23:47:35|asdf|asdasd|7823423490|132123|asdasdasd|1|11|asd asd asd|"I  teach Russian at the Columbus State University[flags]I always listen to the advice of people who have more experience in the field.Swimming helps me keep fit. Love is blind, as well as hatred."|Female/0007.jpg|0|0|0|0

193|2019-03-11 23:48:04|asdxcz|asdasd|7823423490|132123|asdasdasd|1|11|asd asd asd|"I work in finance.Queen of hearts [love]Lierac, Altuzarra and Swarovski Wisdom outweighs any money [smile]"|Female/0008.jpg|0|0|0|0

194|2019-03-11 23:48:15|czvbbbb|asdasd|7823423490|132123|asdasdasd|1|11|asd asd asd|"ChauffeurMusic lover [clothes] [music]When I have some spare time, I watch TV. Marriages are made in heaven. [relationship] [relationship] [love]"|Female/0009.jpg|0|0|0|0

195|2019-03-13 16:24:44|asfsd|asdasd|7890|3.17.154.4|asdasdasd|1|11|asdasd|Haematology studentI graduated from Middle Georgia State UniversityGood #reader and good dancer.|Female/0010.jpg|0|0|0|0

196|2019-03-13 16:26:45|sdfghjhhn|asdasd|7890|3.17.154.4|asdasdasd|1|11|asdasd|"Working for a 5 months as #chauffeur.The main principle I live my life by is Prosperity makes friends, and adversity tries them [relationship]Cricket helps me keep fit. It is no use crying over spilt milk."|Female/0011.jpg|0|0|0|0

197|2019-03-13 16:33:14|asdczx|asdasd|7890|3.17.154.4|asdasdasd|1|11|asdasd|"I have been working at Angelo State University for 5 years.Healthy #Lifestyle [love][love] [love] Singer. [smile] [money] [money] No act of kindness, no matter how small, is ever wasted."|Female/0012.jpg|0|0|0|0

198|2019-03-13 16:33:28|asdsfdfvv|asdasd|7890||asdasdasd|1|11|asdasd|I work for a media house.[flags] Trying to learn from past mistakesYou won’t believe but I really enjoy writing stories.|Female/0013.jpg|0|0|0|0

199|2019-03-13 16:34:09|sdfbgvcd|asdasd|7890||asdasdasd|1|11|asdasd|"I work in sales.[love] [fruits] Healthy eating [vege]Also I like [sport] hockey, and Nirvana. [smile] A friend in need is a friend indeed [relationship]"|Female/0014.jpg|0|0|0|0

200|2019-03-13 16:35:12|dscxcvxb|asdasd|7890||asdasdasd|1|11|asdasd|I run my own business.I creative.Association football helps me keep fit. Money is nothing without time.|Female/0015.jpg|0|0|0|0

201|2019-03-13 16:40:57|ccczsdgfzx|asdasd|7890||asdasdasd|1|11|asdasd|I  teach French at the high school[flags][holidays] I simply share my random thoughtsI am keen on #pottery and Roller skating. East or West — home is best.|Female/0016.jpg|0|0|0|0

202|2019-03-13 16:41:01|zxcsdfsgfxv|asdasd|7890||asdasdasd|1|11|asdasd|"Truck driver[money] Fistball  [smile] #1 [sport] [smile]I am into rock music. [music] First come, first served."|Female/0017.jpg|0|0|0|0

203|2019-03-13 16:41:13|xzcvcbgfd|asdasd|7890||asdasdasd|1|11|asdasd|"Shoemaker[transport] Best of all I  in [love] with #musicAlso I  fond of [vege] cooking, rally #sports [sport], and reading [hands]. A great fortune is a great slavery."|Female/0018.jpg|0|0|0|0

204|2019-03-13 16:43:13|asdcxvz|asdasd|7890|167.99.178.75|asdasdasd|1|11|asdasd|Pulmonology student[flags] The main principle I live my life by is Work hard or else you will be demoted [relationship]I am into blues music. [music] Life is not all beer and skittles.|Female/0019.jpg|0|0|0|0

205|2019-03-13 16:44:33|xzcxvdfrsed|asdasd|7890|167.99.178.75|asdasdasd|1|11|asdasd|Working for a four months as #pay driver.[fruits] Vegetarian [vege]I am into folk music. [music] A clean fast is better than a dirty breakfast.|Female/0020.jpg|0|0|0|0

206|2019-03-13 16:44:41|ascxvdfes|asdasd|7890|167.99.178.75|asdasdasd|1|11|asdasd|"I run a retail garment store.Here you can find pictures and video from my travels [transport]When I have some spare time, I listen music. Better go to bed supperless than rise in debt."|Female/0021.jpg|0|0|0|0

207|2019-03-13 16:44:45|zxcfdeswesfgg|asdasd|7890|104.167.5.82|asdasdasd|1|11|asdasd|"I m Mechanic with 5 years of experience [flags]I do everything I can to contribute to my company s development.When I have some spare time, I listen music. The greatest good you can do for another is not just share your riches, but to reveal to him his own."|Female/0022.jpg|0|0|0|0

208|2019-03-13 16:44:50|zxswesgx|asdasd|7890|104.167.5.82|asdasdasd|1|11|asdasd|Yesterday i ve started working as Web designerBrasilian boy [holidays] [love] [clothes]I am into classical music. [music] My house is my castle.|Female/0023.jpg|0|0|0|0

209|2019-03-19 20:03:29|dillard3473|be705ae609ed|2147483647|Array|Russia|0|25|James Dillard|"I m working as a salesperson.Healthy Lifestyle [love]Olay, Ñeline and [love] The future belongs to those, who believe of their dreams."|Male/0010.jpg|0|0|0|0

210|2019-03-19 20:09:20|dillllard3473|be705ae609ed|2147483647|Russia|Russia|0|25|James Dillard|I m Fine artist.I m up to my ears in my work.I relax by reading. Praise is not pudding.|Male/0011.jpg|0|0|0|0

211|2019-03-19 20:11:23|dillllllllard3473|be705ae609ed|2147483647|24014|Russia|0|25|James Dillard|I have been working at Alcorn State University for 5 years.[vege] My first job was as Panel beater in New HampshireI can’t imagine my life without dancing. The best fish swim near the bottom.|Male/0012.jpg|0|0|0|0

212|2019-03-19 20:44:23|dilllllllard3473|be705ae609ed|2147483647|24014|Russia|0|25|James Dillard|"I am responsible for the HR team.[hands] I am a young #get along with people [smile] [fruits] girl with directionsSwimming helps me keep fit. If a man is proud of his wealth, he should not be praised until it is known how he employs it."|Male/0013.jpg|0|0|0|0

213|2019-03-19 20:52:04|dilrlllllllard3473|be705ae609ed|2147483647|24014|Russia|1|25|James Dillard|I work in public relations.My first job was as Cordwainer in MassachusettsI am keen on #graphic design and Kite flying. Set a beggar on horseback and he ll ride to the devil.|Female/0024.jpg|0|0|0|0

214|2019-03-19 20:55:33|ghjk|be705ae609ed|2147483647|24014|Russia|1|25|James Dillard|"I work for big retail company.Enjoy learning new things[love] [love] Writer. [smile] [money] [money] Last, but not least."|Female/0025.jpg|0|0|0|0

215|2019-03-19 20:56:57|dilllaalllllard3473|be705ae609ed|2147483647|24014|Russia|1|25|James Dillard|"I run my own business.Florida State University [flags]I relax by reading. The Chinese say that teachers can show the door, but you must enter by yourself."|Female/0026.jpg|0|0|0|0

216|2019-03-19 20:57:32|illlld3473|be705ae609ed|2147483647|24014|Russia|1|25|James Dillard|I  teach Russian at the Mississippi University for Women[flags][music] I am ready to face challenges that may come along the way.I am into rhythm and blues music. [music] The beggar may sing before a footpad.|Female/0027.jpg|0|0|0|0

217|2019-03-19 20:58:28|illld3473|be705ae609ed|2147483647|24014|Russia|1|25|James Dillard|"I  ve just started at the high school[flags][holidays] Unicycle basketball  [smile] #1 [sport] [smile]Skiing is a relaxing activity. Don t gain the world and lose your soul, wisdom is better than silver or gold."|Female/0028.jpg|0|0|0|0

218|2019-03-19 21:24:02|illld73|be705ae609ed|2147483647|24014|Russia|1|25|James Dillard|Pastoral care student[fruits] My personal philosophy is The heart that once truly loves never forgets [relationship][sport] Debate [sport]|Female/0029.jpg|0|0|0|0

219|2019-03-19 21:25:21|ilaslld3473|be705ae609ed|2147483647|24014|Russia|1|25|James Dillard|"Truck driverI love mexican foodAlso I m fond of cooking [hands], #rally sports, and reading. #Reader. My favorite song is Christine and the Queens,  Doesn’t Matter  [music] [music] [music]"|Female/0030.jpg|0|0|0|0

220|2019-03-19 22:12:36|illllld3473|be705ae609ed|2147483647|24014|Russia|1|25|James Dillard|"Waiter[smile] University of Central Oklahoma [flags]When I am free I tend to listen music. The first half of life consists of the capacity to enjoy without the chance, the last half consists of the chance without the capacity."|Female/0031.jpg|0|0|0|0

221|2019-03-20 19:21:24|e|asdasd|7890|132123|asdasdasd|1|11|asdasd|"Oncology studentEnjoy learning new thingsWalking is a relaxing activity. It s a cash and carry world. Sometimes, it s everything you have."|Female/0032.jpg|0|0|0|0

222|2019-03-20 19:21:59|aaa|asdasd|7890|132123|asdasdasd|0|11|asdasd|Recently I ve been hired as Programmer [hands]I m energetic.I am interested in shopping. Blood is thicker than water.|Male/0014.jpg|0|0|0|0

223|2019-03-20 19:23:21|xzc|asdasd|7890|132123|asdasdasd|0|11|asdasd|Working for a seven years as #chauffeur.Wheelchair basketball  [smile] #1 [sport] [smile][clothes] [clothes] Avril Lavigne [music] [music] A good name is better than riches.|Male/0015.jpg|0|0|0|0

224|2019-03-20 19:23:58|qwe|asdasd|7890|132123|asdasdasd|0|11|asdasd|"I m a driver with 8 years of experience [flags]I love OhioAlso I like [sport] hockey, and The Beach Boys. [smile] No act of kindness, no matter how small, is ever wasted."|Male/0016.jpg|0|0|0|0

225|2019-03-21 21:38:47|ggggh|asdasd|7890|132123|asdasdasd|1|11|asdasd|Yesterday i ve started working as Chemical engineerI m married.[music] [music] Jennifer Aniston [clothes] [clothes] A fool may ask more questions in an hour than a wise man can answer in seven years.|Female/0033.jpg|0|0|0|0

226|2019-03-21 21:39:18|aasdffg|asdasd|7890|132123|asdasdasd|1|11|asdasd|"I m working as a Clerk of the Chapel.Virginia wellness and lifestyle bloggerI am interested in knitting. Better a little fire to warm us, than a great one to burn us."|Female/0034.jpg|0|0|0|0

227|2019-03-22 02:20:34|ooll|asdasd|7890|132123|asdasdasd|1|11|asdasd|I m Database administrator.My personal philosophy is Better early than late [relationship]When I am free I tend to listen music. Cheapest is the dearest.|Female/0035.jpg|0|0|0|0

228|2019-03-22 02:20:57|gghd|asdasd|7890|132123|asdasdasd|1|11|asdasd|"I have been working at Texas A&M University–Corpus Christi for 5 years.I love WisconsinWhen I have some spare time, I listen music. Make haste slowly."|Female/0036.jpg|0|0|0|0

229|2019-03-22 02:21:32|szcx|asdasd|7890|132123|asdasdasd|0|11|asdasd|Motorman[money] I simply post stories about my life#Forex Market [smile] [smile] A good name is better than riches.|Male/0017.jpg|0|0|0|0

230|2019-03-22 02:22:09|adsfdf|asdasd|7890|132123|asdasdasd|0|11|asdasd|I am in charge of the HR team.[flags] I love NashvilleBaking is a means of getting away from daily stress. Words pay no debts.|Male/0018.jpg|0|0|0|0

231|2019-03-22 02:22:52|ergdf|asdasd|7890|132123|asdasdasd|0|11|asdasd|"I work in television.My personal philosophy is A good anvil does not fear the hammer [relationship][love] [smile] Like #Facebook, Die-cast toy, Miranda Kerr and L Oreal Paris, Volleyball [sport] Would those of you in the cheaper seats clap your hands? And the rest of you, if you ll just rattle your jewelry."|Male/0019.jpg|0|0|0|0

232|2019-03-22 02:23:53|zcxdcf|asdasd|7890|132123|asdasdasd|0|11|asdasd|I work for a media house.[smile] I worked as Parachute rigger in the past so I have that perspective of Parachute rigger and I think that they respect me for that.Good #reader and good listener. I suppose that I shall have to die beyond my means.|Male/0020.jpg|0|0|0|0

233|2019-03-22 02:25:32|yyyyy|asdasd|7890|132123|asdasdasd|1|11|asdasd|"I run a fashion store.I am a hard-working #get along with people [smile] [fruits] girl well educatedIspend my free time in Antiquing. It is with our passions, as it is with fire and water, they are good servants but bad masters."|Female/0037.jpg|0|0|0|0

234|2019-03-22 02:46:35|xfvcb|asdasd|7890|132123|asdasdasd|1|11|asdasd|"I  ve just started at the The Ohio State University[flags]I m tech savvy.I m not really into dance music. [music] [holidays] Own only what you can carry with you; know language, know countries, know people. Let your memory be your travel bag."|Female/0038.jpg|0|0|0|0